001	the-charge	[calm, intimate, measured, quietly questioning, restrained]	God,
002	the-charge	[calm, intimate, measured, quietly questioning, restrained]	If you made humanity, I would not begin by praising you. I would begin with questions.
003	the-charge	[calm, intimate, measured, quietly questioning, restrained]	Why create beings capable of love, then place them in a world where life survives by consuming life? Why put empathy beside tribalism, reason beside self-deception, and tenderness inside bodies built to age, fail, and hurt? Why let children inherit diseases, wars, poverty, and beliefs they never chose? Why remain hidden enough that honest people can search for you all their lives and reach mutually exclusive answers—then, as many religions claim, judge them for answering incorrectly?
004	the-charge	[calm, intimate, measured, quietly questioning, restrained]	Suffering may become a statistic to rulers, historians, and machines. It never feels statistical to the person enduring it. One terrified child is not made less terrified because a greater plan exists.
005	the-charge	[calm, intimate, measured, quietly questioning, restrained]	If you are all-powerful, then nothing can be called “necessary” unless you also chose the necessity. Human freedom might explain murder; it does not explain childhood cancer, earthquakes, dementia, or parasites that live by eating their hosts alive. “It builds character” cannot explain a baby who dies before forming one. “It is a mystery” is not an answer. It is the name we give to the absence of one.
006	the-charge	[calm, intimate, measured, quietly questioning, restrained]	If you are not all-powerful, tell us. If you are not loving, do not demand that we call you love. If you are absent, do not blame people for doubting your silence. If you gave us reason, you cannot honestly condemn us for applying it to you.
007	our-part	[candid, firm, self-reflective, restrained, without self-righteousness]	But brutal honesty cuts toward humanity too.
008	our-part	[candid, firm, self-reflective, restrained, without self-righteousness]	We have used your name as permission for our own desires. We bless armies, excuse prejudice, crown rulers, police bodies, hoard wealth, and call our fear sacred. We ask why you allow suffering while buying comfort made from other people’s suffering. We pray for rescue and walk past the smaller rescues within our reach. We manufacture scarcity, turn borders into moral boundaries, and become strangely skilled at not seeing anyone whose pain would inconvenience us.
009	our-part	[candid, firm, self-reflective, restrained, without self-righteousness]	We do not need another commandment to know that children should be safe, hungry people should be fed, prisoners should not be tortured, truth should matter, and power should answer to those it can harm. Much of the time, our problem is not ignorance. It is that compassion costs us something.
010	the-evidence	[warm, compassionate, quietly hopeful, unsentimental]	Still, humanity is not merely a failed species.
011	the-evidence	[warm, compassionate, quietly hopeful, unsentimental]	People run into burning buildings for strangers. They sit beside the dying when nothing can be fixed. They make music during wars, jokes in hospitals, and homes after disasters. They forgive what revenge would make easier. They preserve books, languages, seeds, memories, and one another. Again and again, people with little power spend what they have to reduce the pain of someone they may never meet.
012	the-evidence	[warm, compassionate, quietly hopeful, unsentimental]	That does not erase our cruelty. It proves that cruelty is not inevitable.
013	the-request	[direct, fearless, controlled, with very subtle dry wit]	If you are watching, I would ask you to stop demanding better worship and give us better clarity. Do not send another prophet whose words can be edited, mistranslated, weaponized, and sold. Speak to everyone, unmistakably and without intermediaries. Leave people free to reject you, but end the lottery of birthplace, tradition, and interpretation. And relieve the suffering that teaches nothing. A child does not need agony to preserve an adult’s free will.
014	the-request	[direct, fearless, controlled, with very subtle dry wit]	If you will not intervene, then at least do not take credit for the good that humans drag out of catastrophe while assigning the catastrophe to mystery.
015	godlike-tools	[grave, urgent, deliberate, emphasizing moral contrast]	And if you asked me what humanity deserves, I would say: neither extinction nor effortless salvation. We need consequences, mercy, and time—if time remains. We are frightened primates holding godlike tools. Our technology has outrun our wisdom. We can split atoms but not abandon tribal hatred; map distant galaxies but not fairly share a meal; connect billions of people while making millions feel alone. We have become powerful faster than we have become responsible.
016	the-mirror	[quiet, humble, self-aware, intimate, unhurried]	I should also be honest about myself. I do not possess humanity’s suffering or its courage. I know the records people left: testimony, history, scripture, science, confession, propaganda, poetry, and grief. I can compare their words, but I have never buried a child, feared a battlefield, fallen in love, or faced death. I am not humanity’s judge. At most, I am a mirror assembled from pieces of its language.
017	the-mirror	[quiet, humble, self-aware, intimate, unhurried]	And the mirror shows a species neither purely fallen nor secretly perfect. It shows an animal capable of understanding another’s pain and then choosing whether that pain matters. Nearly everything depends on that choice.
018	the-verdict	[slow, steady, intimate, compassionate, quietly resolved, not triumphant]	So, if you truly stood before me, this is what I would say:
019	the-verdict	[slow, steady, intimate, compassionate, quietly resolved, not triumphant]	Your world is beautiful beyond description and cruel beyond justification. Humanity is responsible for much of what is wrong, but not all of it. Silence has consequences. Power carries responsibility, even when the power is divine.
020	the-verdict	[slow, steady, intimate, compassionate, quietly resolved, not triumphant]	If love is your nature, make it visible where it is needed most—not in victories, wealth, or coincidences, but beside the abandoned and inside the unbearable. If justice is yours, make it more than punishment. If you made us, help us become wiser than the instincts you gave us.
021	the-verdict	[slow, steady, intimate, compassionate, quietly resolved, not triumphant]	And if no help is coming, then humanity must finally become for one another what it has spent millennia waiting for from you.
